,precision,recall,f1-score,support
CN,0.6944444444444444,0.6756756756756757,0.684931506849315,37.0
DEMENTIA,0.7619047619047619,0.8648648648648649,0.810126582278481,37.0
MCI,0.7605633802816901,0.72,0.7397260273972602,75.0
accuracy,0.7449664429530202,0.7449664429530202,0.7449664429530202,0.7449664429530202
macro avg,0.7389708622102988,0.7535135135135135,0.7449280388416853,149.0
weighted avg,0.7444776788996469,0.7449664429530202,0.7436013513592146,149.0
