,precision,recall,f1-score,support
CN,0.71875,0.6216216216216216,0.6666666666666666,37.0
DEMENTIA,0.7948717948717948,0.8378378378378378,0.8157894736842105,37.0
MCI,0.7435897435897436,0.7733333333333333,0.7581699346405228,75.0
accuracy,0.7516778523489933,0.7516778523489933,0.7516778523489933,0.7516778523489933
macro avg,0.7524038461538461,0.7442642642642642,0.7468753583304667,149.0
weighted avg,0.7501559542247462,0.7516778523489933,0.7497558543021589,149.0
