,precision,recall,f1-score,support
CN,0.6190476190476191,0.7027027027027027,0.6582278481012658,37.0
DEMENTIA,0.7111111111111111,0.8648648648648649,0.7804878048780488,37.0
MCI,0.7419354838709677,0.6133333333333333,0.6715328467153284,75.0
accuracy,0.697986577181208,0.697986577181208,0.697986577181208,0.697986577181208
macro avg,0.6906980713432326,0.7269669669669669,0.7034161665648809,149.0
weighted avg,0.7037653309140643,0.697986577181208,0.695284850093183,149.0
