,precision,recall,f1-score,support
CN,0.717948717948718,0.7567567567567568,0.7368421052631579,37.0
DEMENTIA,0.7948717948717948,0.8378378378378378,0.8157894736842105,37.0
MCI,0.7887323943661971,0.7466666666666667,0.7671232876712328,75.0
accuracy,0.7718120805369127,0.7718120805369127,0.7718120805369127,0.7718120805369127
macro avg,0.7671843023955699,0.7804204204204205,0.7732516222062005,149.0
weighted avg,0.7726797889384145,0.7718120805369127,0.7716886912509738,149.0
