,precision,recall,f1-score,support
CN,0.6666666666666666,0.7027027027027027,0.6842105263157895,37.0
DEMENTIA,0.7560975609756098,0.8378378378378378,0.7948717948717948,37.0
MCI,0.7536231884057971,0.6933333333333334,0.7222222222222222,75.0
accuracy,0.7315436241610739,0.7315436241610739,0.7315436241610739,0.7315436241610739
macro avg,0.7254624720160244,0.7446246246246245,0.7337681811366021,149.0
weighted avg,0.7326443996858993,0.7315436241610739,0.7308235741651495,149.0
