,precision,recall,f1-score,support
CN,0.7142857142857143,0.5405405405405406,0.6153846153846154,37.0
DEMENTIA,0.8108108108108109,0.8108108108108109,0.8108108108108109,37.0
MCI,0.7142857142857143,0.8,0.7547169811320755,75.0
accuracy,0.738255033557047,0.738255033557047,0.738255033557047,0.738255033557047
macro avg,0.7464607464607464,0.7171171171171172,0.7269708024425006,149.0
weighted avg,0.738255033557047,0.738255033557047,0.734047009088164,149.0
