,precision,recall,f1-score,support
CN,0.65,0.7027027027027027,0.6753246753246753,37.0
DEMENTIA,0.6818181818181818,0.8108108108108109,0.7407407407407407,37.0
MCI,0.7230769230769231,0.6266666666666667,0.6714285714285714,75.0
accuracy,0.6912751677852349,0.6912751677852349,0.6912751677852349,0.6912751677852349
macro avg,0.6849650349650349,0.7133933933933934,0.6958313291646624,149.0
weighted avg,0.6946848453559863,0.6912751677852349,0.6896078070574715,149.0
