,precision,recall,f1-score,support
CN,0.7105263157894737,0.7297297297297297,0.72,37.0
DEMENTIA,0.7435897435897436,0.7837837837837838,0.7631578947368421,37.0
MCI,0.75,0.72,0.7346938775510204,75.0
accuracy,0.738255033557047,0.738255033557047,0.738255033557047,0.738255033557047
macro avg,0.7347053531264057,0.7445045045045046,0.7392839240959542,149.0
weighted avg,0.738606001322356,0.738255033557047,0.7381133081985886,149.0
